date,run,block,psnr,ssim,lpips,points,era,status,note
2026-09-13,lab/cs_base,6,29.010,0.852,0.172,1850094,配對修正後,有效,"2萬步對比基準(21,920步); 離線Load中位6,985,555 p95 9,704,189; 峰值實佔3.32GB"
2026-09-13,lab/cs_trimvpc,6,29.000,0.853,0.167,1850094,配對修正後,有效,"trim判準v/c; ★同品質 Load中位2,325,701(-67%) fwd+bwd -27% 峰值VRAM -6.6%; 右尾>300px少4倍"
2026-09-13,lab/cs_trimvpc05,6,28.990,0.852,0.169,1850094,配對修正後,平手,"trim判準v/c^0.5; Load中位4,082,577(-42%); 被alpha=1支配"
2026-09-13,lab/cs_costtaming,6,29.140,0.854,0.168,1850094,配對修正後,平手,"cost_add_densify -2.8(偏好貴); Load中位7,687,550(+10%) p95 +27%; 峰值VRAM +4%"
2026-09-13,lab/cs_costdir,6,28.820,0.847,0.181,1850094,配對修正後,平手,"cost_add_densify +2.278; Load中位6,217,538(-11%); max反而+30%"
2026-09-13,lab/cs_costdir_cal,6,28.830,0.847,0.181,1850094,配對修正後,平手,"cost_add_densify +4.0; Load中位5,912,485(-15%); 2x2第四格"
2026-09-13,lab/cs_dssim05,6,28.770,0.853,0.170,,配對修正後,平手,lambda_dssim 0.5; ΔPSNR -0.24恰在3sd邊界 SSIM/LPIPS微正; N≈1.85M(台帳)
2026-09-13,lab/cs_both,6,28.550,0.846,0.181,,配對修正後,負結果,cost 4.0 + dssim 0.5; ΔPSNR -0.46; N≈1.85M(台帳)
2026-09-13,lab/cs_cb50,6,27.660,0.803,0.242,496539,配對修正後,有效,"cost_budget B0/2 對照; Load中位3,829,888 max 10,937,939(預算的122%)"
2026-09-13,lab/cs_cb50cost,6,28.440,0.835,0.197,1202582,配對修正後,有效,B0/2 + cost 4.0; +0.78dB但Load max+91% 中位+27% N+142% => 多花成本 不可當同成本勝利
2026-09-13,lab/cs_cb25,6,26.580,0.758,0.308,222076,配對修正後,有效,"cost_budget B0/4 對照; Load中位3,169,269 max 6,047,188"
2026-09-13,lab/cs_cb25cost,6,27.240,0.787,0.264,384242,配對修正後,有效,B0/4 + cost 4.0; +0.66dB 且Load max-7% 中位+4% => 同成本勝利(n=1)
2026-09-13,lab/cs_cb25,12,24.300,0.689,0.422,,配對修正後,有效,"b12 複製：cb25cost 的對照(26,120步); N≈0.10M(台帳)"
2026-09-13,lab/cs_base,12,28.550,0.862,0.166,2344558,配對修正後,有效,"2萬步對比基準(26,120步); 離線Load中位6,883,945 p95 9,634,102; 峰值4.31GB"
2026-09-13,lab/cs_trimvpc,12,28.470,0.861,0.161,2344559,配對修正後,有效,"trim v/c b12複製; Load中位2,471,033(-64%) p95-63%; 峰值4.00GB(-7.2%); ΔPSNR -0.08 ΔLPIPS -0.005"
2026-09-13,lab/cs_cb25cost,12,24.270,0.688,0.426,,配對修正後,平手,⚠退化測試: step1500 Load 57.2M=預算3.54M的16倍 => 加點閘門整趟關閉 N 627k->98k; 不可當否證或複製; N≈0.10M
2026-09-13,lab/cs_base,13,29.110,0.874,0.150,2302234,配對修正後,有效,"2萬步對比基準(26,680步); 離線Load中位8,424,497 p95 14,790,752; 峰值4.10GB"
2026-09-13,lab/cs_trimvpc,13,28.940,0.873,0.146,2302234,配對修正後,有效,"trim v/c b13複製; Load中位2,790,588(-67%) p95-73%; 峰值3.80GB(-7.3%); ΔPSNR -0.17 ΔLPIPS -0.004"
2026-09-12,lab/init_sfm,6,28.520,0.836,0.191,,配對修正後,有效,"init單變數 20,000步 機制全關; SfM-init; N≈1.46M; vs depth +1.33dB"
2026-09-13,lab/init_depth,6,27.190,0.790,0.281,,配對修正後,有效,"init單變數 20,000步 機制全關; depth-init; N≈0.69M"
2026-09-12,lab/init_random,6,22.460,0.577,0.650,,配對修正後,負結果,"init單變數 20,000步; random 100k點; N≈0.04M 族群崩潰"
2026-09-12,lab/init_sfm,13,28.020,0.846,0.184,,配對修正後,有效,"init單變數 20,000步 機制全關; SfM-init; N≈1.48M; vs depth +1.18dB"
2026-09-13,lab/init_depth,13,26.840,0.809,0.266,,配對修正後,有效,"init單變數 20,000步 機制全關; depth-init; N≈1.03M"
2026-09-13,lab/init_random,13,21.830,0.579,0.646,,配對修正後,負結果,"init單變數 20,000步; random 100k點; N≈0.05M 族群崩潰"
2026-09-13,lab/speed3,6,30.452,0.888,0.126,,配對修正後,有效,speed3 60k 配對修正後基準; N≈2.34M; 峰值4.49GB
2026-09-13,lab/speed3,13,29.860,0.893,0.126,,配對修正後,有效,speed3 60k 配對修正後基準; N≈2.34M; 峰值4.48GB
2026-09-14,lab/elong_prune,6,30.300,0.884,0.133,,配對修正後,平手,elongation_prune 20(單一變數已diff); vs speed3 -0.15dB 四項同向略差
2026-09-14,lab/elong_prune,13,29.640,0.887,0.136,,配對修正後,平手,elongation_prune 20; vs speed3 -0.22dB 四項同向略差; 峰值4.30 vs 4.48GB(-4%)
2026-09-14,cs_refrep,6,29.003,0.852,0.172,1850094,配對修正後,有效,本機 6GB 參考軌跡 refrep=base+純打印; lab cs_base 29.0056 的重複樣本 Δ-0.003; logs/refrep_b6_traj.csv
2026-09-14,cs_refc,6,26.940,0.775,0.281,352158,配對修正後,有效,相對預算 rho 固定 0.5；實際花 97.6B=目標 1.59 倍（漏）
2026-09-14,cs_refh1,6,27.263,0.787,0.265,348511,配對修正後,有效,相對預算 0.845->0.245 前鬆後緊；總花費 62.5B 最低
2026-09-14,cs_refh2,6,27.343,0.793,0.255,479647,配對修正後,有效,相對預算 0.155->0.755 前緊後鬆；+0.08 但多花 46%
2026-09-16,lab/init_sfmfill,6,28.683,0.840,0.185,1594789,配對修正後,有效,init 四臂 20k；sfm 28.518 depth 27.186 random 22.461; 顆數比 sfm +9~12% => 增益非單變數
2026-09-16,lab/init_sfmfill,13,28.204,0.850,0.178,1657331,配對修正後,有效,init 四臂 20k；sfm 28.017 depth 26.843 random 21.828; 顆數比 sfm +9~12% => 增益非單變數
2026-09-16,lab/citygsv2_mc_aerial_sh2_trim,全域,25.620,0.776,0.319,,配對修正後,有效,官方流程 held-out test；未分塊、未 trim、sh2；不可與我方 val 分數比
2026-09-14,lab/speed3_trimvpc,6,30.186,0.885,0.127,,配對修正後,有效,60k speed3+trimvpc；vs speed3 30.452 = -0.27；Load 未量
2026-09-14,lab/speed3_trimvpc,13,29.323,0.886,0.129,,配對修正後,有效,60k speed3+trimvpc；vs speed3 29.865 = -0.54；Load 未量
2026-09-14,lab/speed3_trimvpc_elong,6,29.773,0.878,0.139,,配對修正後,有效,60k trimvpc+elong 硬剪 20；-0.68（比兩者相加差）
2026-09-14,lab/speed3_trimvpc_elong,13,28.916,0.877,0.144,,配對修正後,有效,60k trimvpc+elong 硬剪 20；-0.95
2026-09-14,lab/elong_relocate,6,30.431,0.888,0.127,,配對修正後,有效,60k elong 搬移 20；-0.02 平手；首次觸發命中 1 顆
2026-09-14,lab/elong_relocate,13,29.784,0.892,0.129,,配對修正後,有效,60k elong 搬移 20；-0.08；首次觸發命中 0 顆
2026-09-14,lab/cs_refrep,12,28.546,0.861,0.167,2344559,配對修正後,有效,b12 參考軌跡；cs_base 28.5454 的重複樣本 +0.001；最壞/平均 p90 7.63
2026-09-20,conic_on,6,19.24,0.508,0.611,579003,配對修正後,煙霧測試,"EXACT_CONIC_AABB=1 功能驗證；1,200 步非實驗，val 不可比較品質；牆鐘 215s"
2026-09-20,conic_off,6,19.26,0.508,0.609,579003,配對修正後,煙霧測試,同上對照（旗標關）；牆鐘 225s => 精確圓錐盒快 4.4%（此時 N 僅 ~0.5M）
2026-09-21,lab/cs_base,6,29.05,0.852,0.172,1850094,配對修正後,有效,22k 基準重跑（09-21 程式碼、conic 關）；cap 曲線與前緣的錨點（實驗分析/05）
2026-09-21,lab/cs_base,13,29.11,0.874,0.150,,配對修正後,有效,22k 基準重跑（conic 關）
2026-09-21,lab/cs_conic,6,29.05,0.853,0.172,,配對修正後,有效,22k conic 精確外接盒；品質持平、Load -40%（實驗分析/04）
2026-09-21,lab/cs_conic,13,29.19,0.876,0.149,,配對修正後,有效,同上 b13
2026-09-21,lab/cs_tilecal,6,29.00,0.852,0.172,,配對修正後,有效,cost_budget=0 => 行為同 cs_base，當噪音底用（實驗分析/04）
2026-09-21,lab/cs_tilecal,13,29.14,0.875,0.149,,配對修正後,有效,同上 b13（b13 噪音底）
2026-09-22,lab/cn_tilecal,6,29.03,0.853,0.172,,配對修正後,有效,conic 開的噪音底對照
2026-09-22,lab/cn_tilecal,13,29.16,0.876,0.149,,配對修正後,有效,同上 b13
2026-09-21,lab/cap12_base,6,28.66,0.840,0.188,,配對修正後,有效,22k 只調 cap 1.2M（conic 關）；前緣曲線（實驗分析/05）
2026-09-21,lab/cap17_base,6,28.95,0.850,0.174,,配對修正後,有效,22k 只調 cap 1.7M（conic 關）
2026-09-30,lab/capc07_base,6,28.09,0.820,0.217,,配對修正後,有效,22k 只調 cap 0.7M（conic 開）
2026-09-30,lab/capc12_base,6,28.68,0.841,0.187,,配對修正後,有效,22k 只調 cap 1.2M（conic 開）
2026-09-30,lab/capc17_base,6,28.99,0.851,0.174,,配對修正後,有效,22k 只調 cap 1.7M（conic 開）
2026-09-22,lab/solo_base,6,29.02,0.852,0.172,1850094,配對修正後,有效,[solo] 單跑對照（同 cs_base 配方）；牆鐘釘死平行 vs 單跑（實驗分析/01）
2026-09-22,lab/cs60_base,6,30.42,0.888,0.126,,配對修正後,有效,60k 新年代基準（conic 關）
2026-09-22,lab/cs60_base,13,29.84,0.893,0.128,,配對修正後,有效,同上 b13
2026-09-22,lab/cs60_conic,6,30.48,0.889,0.125,,配對修正後,有效,60k conic（現行預設；預設 SfM init）
2026-09-22,lab/cs60_conic,13,30.00,0.896,0.125,,配對修正後,有效,同上 b13
2026-09-30,lab/cs60_sfmdup4,6,30.75,0.894,0.115,,配對修正後,有效,★ 現行最佳：dup4 init；同 N +0.27（實驗分析/08）
2026-09-30,lab/cs60_sfmdup4,13,30.32,0.904,0.111,,配對修正後,有效,★ 現行最佳 b13；+0.32
2026-09-30,lab/cs60_sfmfill,6,30.52,0.889,0.125,,配對修正後,平手,60k sfmfill = 預設（20k 的 +0.17 是顆數混淆）
2026-09-30,lab/cs60_sfmfill,13,30.01,0.897,0.124,,配對修正後,平手,同上 b13
2026-10-01,lab/cs60_fastgrow,6,30.59,0.891,0.122,,配對修正後,有效,只加快增生 +0.11
2026-10-01,lab/cs60_fastgrow,13,30.10,0.898,0.122,,配對修正後,有效,+0.10
2026-10-01,lab/cs60_sfmdup2,6,30.58,0.891,0.121,,配對修正後,有效,dup2 +0.10
2026-10-02,lab/cs60_sfmdup2,13,30.13,0.900,0.119,,配對修正後,有效,dup2 +0.13
2026-10-02,lab/cs60_conicvpc,6,30.31,0.888,0.123,,配對修正後,有效,60k conic + v/c trim：-0.17，LPIPS 較好（實驗分析/05）
2026-10-02,lab/cs60_conicvpc,13,29.80,0.895,0.121,,配對修正後,有效,同上 b13：-0.20
2026-10-01,lab/cs_conicvpc,6,29.04,0.855,0.165,,配對修正後,有效,22k conic + v/c trim
2026-10-01,lab/cs_tilek,6,29.13,0.854,0.170,,配對修正後,有效,逐 tile 前 K 名 trim：+0.08（實驗分析/06）
2026-10-01,lab/cs_tilek,13,29.31,0.879,0.144,,配對修正後,有效,+0.12
2026-09-30,lab/cs_depth05,6,29.06,0.855,0.169,,配對修正後,平手,深度 loss 0.5 重測：平手 => 維持 0
2026-09-30,lab/cs_depth05,13,29.19,0.877,0.148,,配對修正後,平手,同上 b13
2026-09-30,lab/cs_cb50x,6,27.64,0.804,0.240,,配對修正後,有效,精確單位預算 B0/2（實驗分析/07）
2026-09-30,lab/cs_cb50xcost,6,27.81,0.812,0.229,,配對修正後,有效,精確單位預算 B0/2 + 成本取樣
2026-09-30,lab/cs_cb25x,6,26.53,0.758,0.310,,配對修正後,有效,精確單位預算 B0/4
2026-09-30,lab/cs_cb25xcost,6,26.66,0.764,0.300,,配對修正後,有效,精確單位預算 B0/4 + 成本取樣
2026-09-22,lab/init_sfmsweep_fill01,6,28.58,0.837,0.189,,配對修正後,有效,20k sfmfill 參數掃描（實驗分析/08）
2026-09-22,lab/init_sfmsweep_fill01,13,28.09,0.848,0.182,,配對修正後,有效,
2026-09-22,lab/init_sfmsweep_fill10,6,28.85,0.845,0.179,,配對修正後,有效,
2026-09-22,lab/init_sfmsweep_fill10,13,28.41,0.856,0.170,,配對修正後,有效,
2026-09-22,lab/init_sfmsweep_pct05,6,28.89,0.845,0.179,,配對修正後,有效,
2026-09-22,lab/init_sfmsweep_pct05,13,28.25,0.852,0.176,,配對修正後,有效,
2026-09-22,lab/init_sfmsweep_vox015,6,28.77,0.842,0.183,,配對修正後,有效,
2026-09-22,lab/init_sfmsweep_vox015,13,28.32,0.853,0.173,,配對修正後,有效,
2026-09-29,lab/init_sfmsweep_dup2,6,29.54,0.865,0.150,,配對修正後,有效,20k dup2
2026-09-29,lab/init_sfmsweep_dup2,13,29.01,0.874,0.144,,配對修正後,有效,
2026-09-29,lab/init_sfmsweep_dup4,6,30.06,0.878,0.130,,配對修正後,有效,20k dup4
2026-09-21,lab/init_sfmsweep_dup4,13,29.48,0.887,0.124,,配對修正後,有效,
2026-10-01,lab/pft_b6_base,6,30.68,0.892,0.122,,配對修正後,有效,事後剪枝＋5k fine-tune：不剪（實驗分析/06）
2026-10-01,lab/pft_b6_op64,6,30.32,0.883,0.132,,配對修正後,有效,opacity 剪到 64%
2026-10-01,lab/pft_b6_tk64,6,30.33,0.882,0.135,,配對修正後,有效,tile 名次剪到 64%
2026-10-01,lab/pft_b6_op32,6,29.87,0.869,0.149,,配對修正後,有效,opacity 剪到 32%
2026-10-01,lab/pft_b6_tk32,6,29.84,0.868,0.153,,配對修正後,有效,tile 名次剪到 32%
2026-10-02,lab/capc07_60_base,6,28.61,0.838,0.200,,配對修正後,有效,60k cap 曲線 0.7M（實驗分析/05）
2026-10-02,lab/capc07_60_base,13,28.37,0.853,0.191,,配對修正後,有效,
2026-10-02,lab/capc12_60_base,6,29.39,0.862,0.165,,配對修正後,有效,60k cap 1.2M
2026-10-02,lab/capc12_60_base,13,29.06,0.874,0.158,,配對修正後,有效,
2026-10-02,lab/capc17_60_base,6,29.90,0.875,0.145,,配對修正後,有效,60k cap 1.7M
2026-10-02,lab/capc17_60_base,13,29.46,0.885,0.142,,配對修正後,有效,60k cap 1.7M（b13）
2026-09-30,lab/citygs_blk3_trimon,3,30.91,0.911,0.123,,配對修正後,有效,官方配方、我方程式碼、trim 執行；官方 4x4 編號（實驗分析/09）
2026-09-30,lab/citygs_blk3_trimvpc,3,28.29,0.870,0.177,,配對修正後,負結果,官方 vanilla 配方 + v/c trim：-2.62
2026-10-01,lab/citygs_blk6_trimon,6,29.17,0.885,0.145,,配對修正後,有效,官方 4x4 的 b6（≠我方 5x5 b6）
2026-10-01,lab/citygs_blk6_trimvpc,6,25.40,0.778,0.284,,配對修正後,負結果,-3.77
2026-09-30,cityGS_origin/citygsv2_mc_aerial_sh2_trim,合併,25.79,0.833,0.176,24477403,配對修正後,有效,★ 官方原版（未修改原始碼）合併模型 **官方 741 幀 held-out**；唯一可對外比
2026-10-01,cityGS_origin_trimfix/paper b3,3,31.78,0.929,0.094,,配對修正後,有效,照論文設定（ω 0.9、prune 0.025）val；官方 4x4 編號
2026-10-01,cityGS_origin_trimfix/paper b6,6,30.35,0.914,0.102,,配對修正後,有效,同上 b6
2026-10-02,lab/leanloop_false,6,24.29,0.668,0.375,2287677,配對修正後,煙霧測試,"lean 等價驗證 1,200 步（不可比品質）"
2026-10-02,lab/leanloop_true,6,24.27,0.668,0.375,2287462,配對修正後,煙霧測試,同上 lean 開
2026-10-03,lab/cs60_sfmdup5,6,30.76,0.895,0.115,,配對修正後,平手,dup5（起始 2.96M > cap）；與 dup4 30.75 持平
2026-10-03,lab/cs60_sfmdup4j10,6,30.77,0.895,0.115,,配對修正後,平手,dup4 抖動 1.0；持平
2026-10-03,lab/cs60_sfmdup4j025,6,30.66,0.893,0.117,,配對修正後,平手,dup4 抖動 0.25；持平
2026-10-05,lab/full44_best,合併,27.739,0.879,0.129,17632677,配對修正後,有效,★ 我方最佳解 4x4 全場景（16 塊 [solo]、cs60_sfmdup4 配方）官方 741 幀 held-out（我方工具）；三項勝官方兩條線（實驗分析/09 §0）
2026-10-05,cityGS_origin/citygsv2_mc_aerial_sh2_trim,合併（我方工具）,27.261,0.867,0.154,24477403,配對修正後,有效,官方 release 合併模型用我方評分工具；同一模型官方工具 25.79 => 工具落差 1.47 dB 待查
2026-10-08,cityGS_origin_trimfix/citygsv2_mc_aerial_sh2_paper,合併（我方工具）,27.280,0.870,0.147,24721529,配對修正後,有效,官方論文設定（trim 執行＋ω0.9＋prune 0.025）16 塊合併；官方工具 testpaper 重排中
2026-10-08,lab/cs60_sfmdup5,13,30.30,0.903,0.111,,配對修正後,有效,dup5（起始 > cap）b13；vs dup4 30.32 持平
2026-10-08,lab/cs60_sfmdup4j10,13,30.33,0.903,0.112,,配對修正後,有效,dup4 抖動 1.0 b13；持平
2026-10-08,lab/cs60_sfmdup4j025,13,30.19,0.901,0.115,,配對修正後,有效,dup4 抖動 0.25 b13；持平
2026-10-08,lab/cs60_oent,6,29.86,0.877,0.132,,配對修正後,有效,opacity 二元熵正則 0.002；vs cs60_conic 30.48 => -0.62（輸）
2026-10-09,lab/cs60_vpctilek,6,30.45,0.890,0.120,,配對修正後,有效,v/c × tile 名次合成判別式；vs cs60_conic 30.48 => 平手
2026-10-09,lab/cs60_vpctilek,13,29.99,0.898,0.118,,配對修正後,有效,v/c×tile 名次；vs cs60_conic 30.00 平；Load 中位 -38%；held-out -0.12
2026-10-09,lab/cs60_oent,13,29.87,0.892,0.121,,配對修正後,有效,opacity 熵；val -0.13 但 held-out +0.42、Load -52%（val 與 held-out 反向）
2026-10-09,lab/cs60_cag4,6,30.50,0.890,0.124,,配對修正後,有效,absgrad 4.0；vs 30.48 平
2026-10-09,lab/cs60_cag4,13,29.97,0.896,0.125,,配對修正後,有效,absgrad 4.0；vs 30.00 平
2026-10-09,lab/cs60_cag0,6,30.41,0.887,0.129,,配對修正後,有效,absgrad 關；vs 30.48 -0.07（噪音內）
2026-10-09,lab/cs60_cag0,13,29.95,0.894,0.129,,配對修正後,有效,absgrad 關；vs 30.00 -0.05；held-out +0.03；Load 中位 -12%
